StartNode;EndNode;Distance;Time;Nodes visited
331984;240235;473119,3;140;108995
1330657;1377019;979878,1;741;434168
869718;1493767;683960,8;92;74348
650495;108182;35720,79;20;17151
864593;154295;753281,2;168;63242
1270232;345076;528167,1;43;37858
1568244;1312286;677462,2;81;67736
856576;1326010;922604,4;331;260568
861665;511516;14605,02;0;593
1599615;398292;384754,3;261;85504
1493788;1641745;68713,87;11;8475
1152398;1419207;493968,7;74;57930
1512894;1392009;834781,8;861;558714
732778;211241;102771,1;12;9408
1065523;1369867;762740,9;713;220136
304607;527817;529618,6;57;42640
1563069;1049958;448323,2;58;49132
604572;923666;521910,2;135;98401
135751;195775;402384,8;18;15956
428640;1214352;277919,3;93;32965
813682;487363;99372,47;8;7620
1247074;23471;354923,6;23;18633
1227446;1087293;627478,5;123;93017
774640;922531;289459,4;1;1851
674757;732405;285543,1;21;18353
1093449;338031;531905,6;296;171800
1088235;193528;379065,7;28;21161
132310;922879;609979,9;123;89560
1207079;613334;292229,1;37;27588
85573;913058;86627,2;2;2423
1152811;269742;182950,6;61;45928
1337349;6307;401272,6;9;8279
1438744;1653266;395969,8;124;87572
980722;1446834;461143,6;172;48058
1301511;59456;828915,2;53;41903
751690;326475;469719,7;212;137963
1025121;1669481;256762,9;33;28372
1143098;1006424;315038,9;28;23354
394670;1128927;692648,5;159;118840
191761;425601;347993,4;83;33859
617369;1554845;534065,7;151;109862
1281083;333117;234573,7;10;9413
276417;1711174;555845,3;5;4335
1184181;1369541;281150,8;26;20177
917647;1426292;477884,3;5;4911
1461186;1267016;502590,3;110;79331
110201;1260180;175787,3;20;16398
61541;543939;684057,9;491;274854
894613;1240767;530020,1;35;30735
329325;1318778;910324,6;182;139334
106571;1072405;493301,5;125;100756
1365619;615300;515792,2;193;96970
1725313;766974;279593,2;60;43841
1057509;1163352;148298,2;32;25160
795029;870484;625193,1;16;13976
528208;78152;144122,4;0;936
421572;1404571;297933,5;46;32753
295689;1342564;574629,1;155;99828
733258;1004231;380149,9;25;19702
1474488;1472168;709905,1;184;108024
469084;1355779;622782,9;882;423983
529186;1619817;904346,4;90;69454
342868;1229273;1016995;1824;860702
216273;1509539;578461,6;132;109365
1607940;599158;460598,9;90;76385
111811;898501;325763,6;17;15550
799601;617581;290210,1;49;39793
319030;1289562;230781,6;42;26553
189226;665782;539257,6;260;146264
352402;1254042;19702,15;0;219
653665;20828;161792,7;9;8317
574512;47163;845989,3;173;126857
898083;1383034;440688,8;109;80260
845443;450229;353676;41;28560
964491;463575;591067,8;361;171792
1555279;1634980;27903,55;0;689
1510878;601756;356286,2;86;57828
849694;495390;103822,5;32;27030
543218;1490400;186449,4;70;54207
272432;496040;453368,8;84;67006
550700;1292568;448061,9;370;165946
1300011;195870;749768,8;30;24806
758673;1374305;332906,2;130;95877
1023149;1548590;472300,1;73;58897
1085540;750725;632995,1;83;62366
1153338;67476;204489,5;6;5259
651829;220445;557528;375;161303
818503;448256;691235,5;63;51753
781267;482023;102353,2;37;29812
721734;704432;275904,5;83;61856
383830;1510642;776450,3;478;217619
545048;1144365;403158,1;88;56799
788478;221429;932625,3;351;261287
1132222;197844;670226,8;301;203598
1512486;1568239;214615,2;12;10285
746343;443424;715222,7;58;44437
393349;1600961;585400,1;20;18598
703342;1105696;69422,83;3;3241
465416;378641;662177,4;44;38682
1033088;1268376;857341,8;160;107446
359884;1041452;87563,29;25;17773
1109288;213766;410621,9;35;28670
1054835;1487803;639596;283;122516
983151;1290432;480927,8;174;116821
1527851;401437;565258,9;168;129653
1458721;61195;316878,2;41;33041
768666;1312599;543263,9;34;23177
112209;784656;204635,2;4;3334
747520;155646;604710,9;370;189494
1151991;537243;510402,3;62;45649
1047569;1637883;256032,4;71;52932
764869;1476703;508335,7;49;39205
1689093;1375859;579190,4;103;76226
697102;1430258;100173,2;4;3940
1140008;1110706;533956,8;139;107867
20961;90620;478446,7;104;55531
987921;1158593;157629,7;82;52472
963285;1407210;100073,4;4;3663
546513;1047441;426798,2;33;26327
739765;1416842;257386,7;37;30351
32624;1447236;370587,5;118;77197
1590799;137952;207788;6;4913
1396946;696709;388135,1;516;180694
1691660;872170;540599;91;18046
1061900;981121;463263,8;1;1748
218666;943373;294109,4;35;26933
1607567;266514;282784,2;23;19161
849082;1220566;510327,3;83;67619
1561776;58006;349950;50;29555
764252;780260;613950,1;3;3236
583661;48335;590652,8;166;127521
1619838;855301;386566,7;52;37029
1260871;1675233;115218,8;16;13830
615229;1144870;133835,7;1;1189
1006535;316533;577143;80;69443
1103572;489067;602733,8;164;134403
142905;1375326;552259,1;217;103187
1605258;1062232;442631,6;158;118003
1630502;1551141;158729;4;4010
1723512;1040155;308156,5;28;22498
1313482;1569530;368731,3;33;25561
368358;158886;777626,1;379;201137
892039;822186;605835,8;109;75173
227651;721406;325860,5;111;88312
309511;1487317;410301,8;62;50365
1590032;488507;659310,9;284;163674
283188;1704104;332449,3;18;11181
833180;1728888;547110,2;88;63959
1571997;735497;130885,6;2;2035
621680;1466311;824285,2;98;78636
81480;546789;256119,8;2;2509
1610234;745366;210667,8;36;30068
1622148;1474197;661651,4;164;115960
800468;232241;241699,2;60;20507
405854;1531449;101004,5;16;12946
1334663;10635;760816,4;161;110430
79092;1468696;373683,3;25;21925
1211376;758730;953748,2;633;342551
1424575;1460951;667564,1;60;48374
1707861;438684;498808,2;59;39833
1447582;1638421;1013909;61;39375
835358;1263817;629524,5;158;100419
471100;615065;422978;125;81041
205879;183400;134279,8;6;5809
542145;1620969;552067,5;26;23013
1234833;895005;288368,3;57;50591
929461;257200;83603,11;6;6327
958675;766692;512509,3;99;80891
281337;1162440;640272;214;166605
21718;1740008;204810,3;183;64491
315551;522660;732260,3;411;161241
152654;1579396;364745,7;59;37954
409414;559091;559557,1;172;129405
492728;74450;303916,4;6;5717
304312;111045;167334,4;24;9206
772235;182995;206029,4;18;15065
18729;187657;297175,7;30;24752
1456029;346416;655278,3;1102;661210
274266;1007083;810807,6;223;171813
1268318;617068;329179,3;177;50290
1434694;529484;473908,6;87;65136
296615;439657;717268,2;177;137486
825773;1566490;201111,8;12;11247
510021;444683;16479,96;2;2006
799433;56985;427792,3;23;19696
1179614;545420;489756,8;25;22220
416966;1452172;313988,9;484;262659
1322870;312698;337111,2;106;86799
1111162;636302;144796,9;11;9709
205650;1391386;251148,1;15;12710
1435270;467695;151814,6;53;41442
1316656;1123787;707440,4;87;69750
122769;746465;203870,1;18;11394
238471;771017;546414,3;264;154356
1055261;1357478;210159,8;18;14798
1093324;1018853;399864,1;66;47737
1638720;1149248;228534,9;7;6539
305313;1530665;519057,4;61;40840
226045;1457595;542311,7;2;2629
753622;587523;750055,3;59;33003
49070;48044;418581,7;59;49215
1019615;247327;322841,9;166;40060
676030;226814;688516,2;105;78963
1510627;311155;674782,2;135;85828
609386;1143331;475918,3;938;569292
979853;1382562;449606;89;48508
801432;1621531;250579,9;126;100579
926396;966999;387295,6;84;41704
969059;1352473;248286,1;16;7706
797371;809690;405189;82;38225
814222;1370539;146930,3;25;11528
1330119;953359;895855,9;206;104543
47576;1593995;425615,5;61;35122
91443;286061;333832,3;75;21589
724895;1539314;812967,3;13;7024
871659;1288455;216702,1;10;5655
1369704;1442525;373203;89;53384
37954;1308982;310417,6;78;41871
1017651;349998;440861,3;35;19100
1166792;1624929;1025334;577;243276
745229;577551;543018,8;89;44755
108267;538693;411471,9;57;30686
1705844;250763;689133,7;171;89999
1658056;1417698;912920,6;674;281647
475406;1089359;274917,6;48;26931
18101;179622;563530,4;134;74450
41298;865402;127956,7;20;13464
570694;7291;176127,3;24;9085
779988;403780;369493,7;96;45066
402166;20792;220901,6;16;9441
1504265;1555697;249836;49;24297
531583;231854;61361,47;1;1424
1125789;830824;368880,1;328;136747
999118;1167573;856967,6;595;266080
998032;842173;136210,1;28;15010
334822;447372;244538,5;125;68612
1387496;933892;253034;16;9937
625309;752568;431680,1;14;7532
845091;1253482;329137,8;280;99361
1632749;1585279;780233,8;334;148622
372603;1051795;405148,1;94;50084
1063907;1526898;472690,4;62;29421
1270353;1190082;431698,9;95;49502
1401227;917150;339293,1;394;107514
738287;69193;222002,1;211;42658
1091496;613871;753288,1;160;56482
1692431;1146000;457292,4;245;98435
120663;934130;289103,3;66;25893
45968;1621012;440536,3;3;3596
1157502;875020;98446,23;6;2769
996243;490483;529148,1;224;74697
419665;1377831;197722,9;23;10562
754537;1315327;897467;1499;500176
536724;852005;179745,8;2;1130
240093;1562725;504410;40;23004
906798;1271105;315465,5;123;60071
515629;561485;128529,7;44;17859
1392788;452469;407772,1;35;26269
491790;749283;810532,2;125;61950
706099;1680306;422143,3;131;56755
1174195;81967;723959,5;86;49512
429285;928839;133099,7;5;3209
1495276;1465549;426036,4;135;73223
499539;241496;70029,77;1;999
813228;1435778;634595,7;353;140037
706599;968678;275217,7;14;8129
95979;757728;430622,8;13;9016
589035;1626718;420439,3;56;27146
632130;1430674;870967,8;287;139877
772361;1699625;597078,8;223;85523
653357;549222;485695,4;408;208602
677057;920160;609550,4;102;52467
906993;1564990;254528,3;35;19580
98241;1130945;445621,5;76;36252
1497810;1412793;370464;20;9148
442340;1041283;128938,1;72;32015
914912;1221794;357732,9;70;37250
1445423;914276;109214,3;1;776
61197;1235425;238371,6;55;28140
1627154;1033586;441938;7;5944
815787;295228;216489,2;105;54200
38776;548913;89378,55;2;1497
856125;1682718;489304,4;68;34054
1175125;1502500;487840,5;145;72166
1717049;1510668;948967,4;213;99172
1564938;805715;472431,6;104;55715
1721521;751073;293905,9;97;43869
1026948;624973;336266;232;103063
1149509;1253724;191169,8;47;21467
21845;1674884;609256,3;410;50319
1367308;1113193;549012,6;260;92640
488284;1145034;381676;189;80783
993437;1409915;560630;649;244970
53765;618784;929033,4;418;214622
1056904;1419358;570403,9;266;111702
1565521;1141304;266803;308;139751
1548118;1483373;565075,4;188;78878
883837;358129;533372,4;451;117291
510445;128143;405522,9;100;40923
64035;968873;399341,3;270;100633
389865;340339;732804,8;1500;545512
1158495;1731741;363785,5;45;24510
1592453;1381223;160742,9;14;6439
1064361;163839;128674,7;13;4419
194845;820449;173613,4;130;18485
1509365;552072;317151,1;78;30776
1213579;1696868;155415,2;63;23770
445153;1739095;315469,3;47;32908
1282196;522589;738663,8;99;51403
1648312;1080747;228757,2;36;25289
541095;260804;355033,2;30;26437
229028;453483;262243,8;83;25148
1581522;34810;920457,6;378;173513
360047;612935;330842,6;22;19510
1242143;554170;458632,3;12;11394
227197;1270107;698447,3;139;91975
214889;1051450;145341,6;23;17769
815374;1624038;844786,2;438;317800
474601;325090;436109,4;207;111640
1551006;956108;753356,4;191;152320
1010770;1232183;167298;6;6255
122263;1719847;608701,1;81;73422
1120772;1091758;306170;67;44296
861285;1124541;171519;6;5999
1118144;936003;695698,9;81;69642
1436419;529756;149805,2;30;25272
822160;340554;53459,78;0;353
606281;1379817;815155,4;239;180150
867709;859657;559895,8;115;74875
1611789;1438159;442606,8;42;33890
1411962;442529;1138711;236;193584
84959;1305241;287067,8;81;60724
81399;1622983;309770;40;33228
1006789;744059;500545,6;119;90940
1531917;565714;175020,3;16;14139
1264493;957106;700518,6;176;133139
716181;692204;142847,3;4;3934
69976;1053511;425747,2;160;85382
138540;253780;459598,2;54;43756
1077309;489764;639412,6;316;221586
918123;980104;182014,4;16;12888
1239390;306139;248494,6;10;9812
862350;1442039;356454,1;116;25377
447947;1618933;658521,7;220;78342
445169;1180155;337357,5;104;51496
756329;1359542;330503,3;105;71869
457899;112846;569827,9;350;227969
1288744;568240;350793;86;71053
1147224;561621;626578,1;148;118818
1638447;1242388;362689,2;321;203583
84968;117226;741362,6;65;58844
1337223;552430;394991,8;26;23012
1416109;479312;544444,3;78;69714
1558173;129956;809006,5;64;32060
270577;1297368;690202,5;229;160642
1241277;613928;124181,5;19;16599
1526947;1122025;627141,3;381;229591
520035;431857;131162,9;8;7019
947738;1523418;511701,2;283;213324
442890;383958;907187,8;593;380251
1175036;1132454;437980;159;84290
298889;351761;970461,1;578;369687
1553984;1649549;375474,5;123;22765
499207;603335;320481,5;6;1268
1148058;1246334;265161,3;10;8770
1650885;1321517;603061,9;115;86124
359932;1579520;338723,2;424;259700
404795;800896;891091,6;15;14897
1387479;686959;361758;32;28647
634629;383038;25721,07;54;47649
1628465;317990;127585;5;5040
1348356;892399;524915,7;253;163347
1683477;142400;404323,5;49;40288
1577194;1080472;429118,4;186;139883
1337409;856886;386244,9;53;46307
1365101;1368404;79857,79;10;8577
118730;1254488;253692,3;77;64253
67351;697113;381232,9;51;21193
1562936;985462;413964,8;150;102945
743045;1511158;300175,5;12;11794
1724704;954838;636521,1;50;41016
726496;768841;648366,3;150;92847
1391082;1664358;226603,1;20;10978
253996;1692025;511926,7;76;25249
717230;1463738;202682,8;8;6957
788977;260778;318839,7;32;27805
888789;59852;55406,55;9;7700
500092;857045;169228,3;20;15464
1528697;1151089;202601,9;12;10444
412882;1411583;460050,1;1163;748784
72354;1163334;364322,8;42;35784
1010524;291172;558230;630;279579
1202787;850042;359535;112;53060
1512168;1452281;468962,9;23;20712
982559;402017;197964,2;19;16758
1688513;868069;537706,4;129;108734
402933;673627;580785,2;129;98575
1336093;579514;333784,4;22;18676
1245916;19119;173452,2;31;26450
1633002;1629768;525515,3;59;51715
363241;1618270;597714,8;162;131482
67909;1104323;293105;77;58973
479614;58878;53320,98;0;456
754396;954904;260499,2;38;32631
913014;411847;655776,1;69;56438
572579;1076060;123122,7;1;969
1438803;561370;50690;1;765
1688913;435324;624079;155;119700
887608;1108600;320759;66;43547
461570;1148553;76558,01;4;3862
179856;1009548;526621,1;380;287989
481178;386959;519346;217;113069
316864;20720;661454,7;319;221943
1401518;1571064;699400,7;396;219941
1265551;949183;256376,3;42;21845
1649771;393763;305150;139;100772
1523180;187185;492518,1;103;86859
800092;1136852;296545,1;15;13698
223263;521509;645015,6;57;32052
1547465;1143909;394918,9;17;14461
95646;557264;347746;38;29316
539266;570712;611540,8;87;69845
1574036;612452;194993,1;25;16214
1173864;1586161;599841,1;65;49219
729313;900769;500537,1;5;5462
1436504;137315;74685,72;11;9752
1302147;484448;240835,8;130;83345
1449911;1098291;101117,4;14;11115
1137091;1425548;82164,22;4;3697
787458;458894;201223,5;61;46824
401958;927931;363751,3;170;127562
1433952;1708430;936503,2;335;211694
506674;178816;695336,8;199;165493
1297478;1251618;91472,44;0;876
1505876;552060;449929,7;5;5486
212060;366099;229620,8;46;39225
1305734;1062260;720507,4;119;104336
1052906;1367191;918937,1;829;379068
470282;1655065;315869,8;42;20473
557521;1449010;653046,6;2;2658
591455;1559955;454147,1;52;41378
841750;364782;680372,8;84;65649
1257277;1512455;111916,4;8;7780
836214;1038731;192983,2;21;17953
481872;1446399;268991,8;7;6905
1744359;542313;133646,6;83;67078
1478649;1088571;554518,3;214;111761
741950;912314;367196,8;132;90298
867910;575435;268391,3;29;25026
64037;1395220;229369,4;4;4120
1059572;1666844;158000,2;3;3482
80285;177252;277432,8;23;20576
688708;1070405;416303,7;21;14769
576180;239887;526351,6;202;147083
1176141;82720;130277,6;3;2833
628009;1226625;730679,2;187;151370
868027;1083047;581682,4;171;76924
1612037;586601;682853,9;37;31662
86180;1069169;398460,1;74;57305
451152;738817;489746,8;128;102559
1087200;258747;353849,9;20;17491
769745;59476;573889,6;312;184617
552299;1414346;148062,8;5;4277
632049;217162;332676,4;17;15331
320309;140592;507650,5;183;143809
499280;1639446;814163,9;188;113750
1591027;906900;315777,5;15;13048
389437;669209;64854,27;2;2317
1479670;664498;519890,2;137;112599
1420673;186872;738650,1;67;57183
936274;596327;480396,2;54;44037
1607189;399152;355798,6;32;28540
818390;517733;418460,9;2;2512
1418885;395602;422954,3;131;37411
1221132;155348;495920,7;195;73581
826133;1543339;621082,3;50;37444
124282;1069819;282364;10;9276
308019;800825;172790,6;18;16338
897098;20808;611217,1;18;16771
1369551;1018960;578893,8;141;92529
438356;359018;326662,5;139;73508
1664176;1035548;580942,4;144;114520
1328038;733162;756995,4;74;63390
1380197;1705725;806966,5;6;6540
693609;942828;152405,6;1;1821
851530;1166281;478604,7;16;14523
1393095;264280;695804,8;78;27814
1547141;490872;307386;51;38776
396156;370593;683820,9;114;83287
985685;34566;184889,4;57;46383
1740060;236446;801137,9;552;327677
740628;164961;151727,3;5;4888
1059057;700539;620524,6;102;72656
1515164;521208;522336,5;134;71074
598880;1333211;680952,1;28;21879
1516709;1458861;110076;18;15414
1039545;401712;204305;35;29338
1493115;577256;268479,6;39;30904
676750;571641;382619,6;109;70745
815712;85228;548220,1;42;37649
882135;1457758;285953,5;73;23670
1446591;278304;436141,8;3;3613
1048417;1404451;58454,47;13;11343
150243;1604600;170094,7;28;23279
1267276;1561745;500568,8;219;162017
404668;526505;346830,4;68;55313
779722;1334985;450025,2;138;73567
1023499;201909;354905;28;22617
1362988;1499215;322941,3;35;29466
1721089;627498;375181,8;77;63556
962596;858989;540609,8;49;43138
1106845;1104997;288119,9;111;91623
1170717;1137267;569043,1;32;21633
515764;969885;884020,3;186;152287
1558721;1569114;604253,3;138;116799
1299479;900456;177285,4;18;15847
897029;282302;205073,3;19;17639
534453;462324;220525;3;3803
861142;1399204;782158,2;202;120866
550295;1655162;609185,8;321;242976
998530;781733;351186,3;653;277872
928542;990204;559063,3;17;15472
679139;1449158;182868,5;127;95607
1122812;1291205;241418,8;3;3465
958867;922134;217947;51;41385
595150;188214;699218,1;360;211997
867230;23145;303976,8;33;29135
350912;341594;358962,3;47;42015
852185;1655748;471002,8;112;53676
1277716;903459;355911,1;69;52169
1088836;297390;202158,2;27;20979
3024;580153;425873,4;82;53937
971624;1623864;423180,9;57;47042
437955;741196;705720,6;274;173050
1412054;900663;383481,6;113;62022
638072;321884;874638,1;508;313353
77202;1052033;208101,5;58;47432
1605057;325111;630952,6;592;423294
176454;180513;629241,5;19;16843
458127;422175;571570,6;449;274360
1613169;969157;555257,3;77;58354
11018;636586;662206,9;124;89529
973963;1111265;765570,8;133;110825
33226;873883;498253,3;62;50529
1675988;192858;784472,9;405;88580
1354738;949993;230514,5;29;23070
121488;1391435;170158,3;8;7284
566325;701140;524609,4;57;48368
778709;348388;322278,5;17;16331
18579;799874;462796,8;29;25194
1011203;381615;505540,9;54;46349
1623750;58203;92471,01;71;22242
284062;273266;199642,6;31;24276
111011;1559795;344254,3;218;161384
162687;25801;430587,7;28;24506
165140;671671;229338,8;30;23381
1197620;855540;740456,1;390;271862
1034888;119679;357316,1;17;16413
286372;1111036;899270,1;372;245507
1350789;1604958;270771,4;16;13762
1590637;1308671;913322,9;348;237700
809807;1219195;193207,4;13;12062
1290524;1432677;381164,6;19;16761
200395;430366;446924,6;69;58986
485707;903917;248067,2;39;34793
1291001;1572665;732419,4;160;129562
161934;1402851;424465,2;134;108597
1155571;1231554;213902,5;3;3496
1090005;1697413;412061,3;28;26234
352524;700697;204608,3;5;4575
1000254;218029;339922,1;9;5729
711196;1650187;276729,7;42;21692
1496971;1010546;234027,5;3;2859
356546;446646;795673,5;327;193438
414767;1412271;412343,1;50;41381
742198;158220;391475,3;115;92090
953836;1447131;572204,9;23;21189
1316407;404555;97282,79;78;65960
512278;595983;598628,3;308;201123
72870;1425244;640386,1;175;147016
1074088;1003369;565459,5;62;42997
479398;337074;554710,3;173;42940
509736;1539367;304968,9;89;17073
1444568;1547933;273964,8;22;18276
774272;333557;153739,4;5;5217
758512;650092;518935,9;49;40019
604704;1372608;402263;97;76355
597474;904219;521174,3;363;228483
1191476;607457;481379,8;0;764
1680304;934447;304428,8;21;18827
73819;39061;618603,8;70;59732
489149;1623328;362825,5;39;33109
830466;3714;398880,9;120;55309
449015;1453039;486541,3;185;144117
1659745;685450;488555,7;189;144308
1185135;1501139;612013,6;153;77062
627826;1319608;737103,2;99;83128
888540;1452425;193441,2;17;15801
1170788;1435243;491236,9;170;139766
173330;1702203;412142,9;174;107464
1310577;553212;564230,6;17;16025
1416973;81209;405451,4;22;19720
653759;92105;513431,7;102;85510
1298115;1325827;54312,72;1;1391
376514;1594756;591617,8;3;3393
122220;1630326;439819;37;28916
1293487;693169;554926,6;81;63419
1594628;1181206;508682,3;63;53722
461771;272953;378969,7;17;15590
1006393;781570;591820,8;118;96549
383841;504030;710339,2;558;167679
618777;320904;475857;39;31402
613385;1722308;375121;78;63222
309772;1103079;453051,3;15;13333
64508;300748;577767,6;95;74328
1376607;620646;258988,2;390;232088
1130561;739193;612968,1;408;246947
1734238;1650973;414453,5;41;34027
64693;19061;455718,1;54;41843
1139918;1105281;758014,2;510;340596
1207691;1339997;59468,44;3;3650
20070;292077;269350,3;36;32005
1485625;1339440;436567,8;133;106374
777378;804151;465120,5;22;19833
920603;878363;153645,8;22;18351
732421;547331;76142,58;1;1513
22586;1074829;277858,5;112;37194
526041;1532904;134894,8;11;8469
1113159;53424;332848,5;16;13798
629814;544174;143097,9;5;4762
1718361;1583568;572485,1;5;5344
1535490;75766;470883;18;15949
218148;1246173;636508,3;160;113119
499765;554293;704911,4;43;37267
703530;1688253;76271,26;1;1421
1116513;442710;508442,4;174;88572
877633;1645710;503124;72;61111
1318477;788442;189649,4;13;11728
483959;326700;375449,9;195;144246
579877;1018544;701291,5;283;167765
944929;1250219;630932,4;75;60601
182475;930743;577831,1;21;18262
1312926;829276;61876,57;2;2537
598059;55731;248632,5;20;17837
213151;201333;490415,1;132;102067
537813;11269;618927,8;135;83486
1133846;595744;292141,1;274;51338
1131518;1368721;184976,3;10;8937
1549106;1688903;1130667;237;176332
73928;239451;438524,2;52;42678
839674;223085;117733,8;11;6080
100621;976948;247169,5;54;31283
1506449;289711;125955,2;1;1152
1414296;121474;519214,6;138;109306
1500950;1482198;692014,4;106;87420
1048945;786459;680632,7;61;53473
1218145;1355869;118901,6;4;4280
1343844;468142;263772,4;30;15169
1401092;604746;485996,4;89;62787
507438;1133470;106233;10;8953
648113;444033;608195,9;46;40286
341141;502196;81495,47;0;142
1150440;1105243;799238,1;135;87325
1053462;281889;567015,9;226;124651
514191;1694355;323933,6;53;45156
983934;539654;812367;116;96073
252771;340426;294417,9;44;32364
178869;721844;209457,4;116;85348
1149598;950125;611060,4;174;94775
1168893;1023214;545746,2;156;114211
1159579;476585;171701,9;4;3835
299380;475552;906544,3;120;87825
896987;1495952;448280,5;15;13154
537723;1522576;876823,7;218;145312
996498;663376;569226,1;23;17828
1712227;944359;102131,2;2;1804
1181465;685057;244686,4;28;23084
1335936;395641;662892,2;202;114123
1626542;1343023;304773,6;37;24279
1571107;401205;63799,98;2;1977
1351881;1551194;530332,7;127;103900
498263;509290;677222,4;189;103463
533687;877718;243802,7;186;136362
1176999;621999;212113,4;123;90169
1063142;450966;571683,6;67;55953
1180452;1228823;251689,4;28;21599
1718490;171528;434343,6;142;74062
144653;1610188;1023819;1170;779154
1349808;1399086;182299;25;22180
567520;1275485;132088,7;86;33836
1029989;1595414;226832,5;46;11336
1726726;39575;584088,7;595;376253
1102788;1312313;383373,6;32;16508
749088;1527826;242003,9;61;49094
839901;1551173;275682,8;9;8500
1123617;767687;444189,8;41;36049
42366;27172;397654,5;24;21875
869302;492784;289532,8;67;53934
1721887;387696;394008,3;92;74874
962264;1404603;588700,3;144;59538
345576;374499;330040,8;33;18731
1344832;1261260;504658;103;80310
1508506;1697241;405677,3;31;26239
711165;1164408;115097,1;5;4601
250988;16353;462810,1;17;16376
1737814;172020;255854;3;2955
1578283;1449961;933515,6;133;82471
102417;1501066;252178,2;20;8080
1569066;458688;320832,3;5;4755
1151101;965973;522047,9;40;31917
128630;1393771;538403,6;26;22519
1526697;1256568;174994;25;20826
1071948;412764;428848,8;51;33037
1186456;1691318;348986,2;42;34172
1046825;1396467;141872,5;13;11493
1632899;962111;398324,9;22;19813
436821;907516;379199;14;12535
929909;655490;18668,05;3;2378
250581;465466;620842,1;137;62184
275667;1150145;271129,1;17;14847
601148;1329279;831644;173;137662
1276838;823548;401223,1;70;56658
1557958;951596;404451,9;36;31751
934002;337004;183729,6;85;59755
1669354;1112834;623300,9;107;39230
668317;1263199;532558,9;104;80408
981194;1740890;466911,9;167;134686
1275973;696403;421097,2;29;24784
592400;88264;282002,5;17;15945
189312;1095742;451105,2;401;253524
510784;764446;188802;248;167508
117582;599119;463278,9;11;10327
128052;775703;460853,8;167;107558
1479798;670767;721328,6;62;53953
520052;1191525;116136,9;8;7935
1250485;1103600;451871,4;129;102970
183020;955;213860,1;28;24995
364825;543949;398901,1;69;59537
116933;703149;522588,5;59;52288
1443209;120351;374583,8;169;83404
1223360;849452;371372,9;138;99771
21964;1678589;276720,5;91;55801
728150;369700;400804,8;14;13005
1725515;440530;584044,8;118;72849
1376142;233505;556256,1;25;18697
63090;162317;335897,5;4;4586
276153;924524;441366,6;17;12741
639361;1581300;335688,1;123;52918
1211696;677719;128639,4;10;1913
695495;782254;300661,8;118;18405
1216397;263235;671827,6;176;127838
1561550;477828;923771,1;1137;739187
1606948;1309315;660128,7;56;46658
1080178;980238;278934,5;73;58566
1376065;732023;910140;230;124170
579470;1633850;878628,9;98;76089
389654;68960;169231,5;30;20595
1616980;1405931;425593,9;18;15705
742481;183592;675524,5;119;96435
1615568;1502950;136489,7;7;6800
794786;1039267;503371,7;110;84060
1039224;286546;266453,4;6;5661
1128435;1088167;320504,1;68;56255
827446;1003095;402055,4;49;42343
1106193;528123;207476,1;16;15093
1076851;1183813;265450,7;108;81040
7653;660954;907623,4;437;300523
648552;960125;181649,3;12;10179
1032500;1288734;526750,5;29;23105
71641;1163433;315607,5;27;22905
1034121;745277;343441,3;16;13457
809064;644118;214598,4;3;3724
1398634;173838;729106,5;148;102630
1517262;207193;601886,9;633;231995
1052142;978029;635710,4;42;22671
838818;1028104;299745,6;106;86341
806749;937143;471215,1;20;18200
1732066;177129;907780,9;368;221041
968610;1275003;207417,1;33;28202
1093991;518780;353433,8;80;66863
481868;77082;165820,3;6;5981
1618644;847941;245364,5;76;49564
1399770;1140256;660038,1;308;226269
1626196;1473298;233722,8;60;51478
1165006;656855;325681,1;9;9069
373430;1198345;244336,3;68;44078
111950;452134;512475,8;130;100041
468829;49509;248939,3;7;6404
230203;395105;515978,1;96;79228
632511;954596;416097,8;8;7717
1315504;620253;490884,4;16;14948
1695551;128164;179837,8;4;4144
1433903;48746;641874,8;96;59501
377063;815108;626478,9;205;155934
673486;471423;438633,7;19;17079
1736113;1502096;95020,67;10;9808
194743;1297459;297621,3;1;1214
681565;957038;675966,6;107;88935
871231;1705721;526622,7;32;28678
988946;258378;207704,3;37;18659
292241;43963;41505,51;4;4161
786785;395287;551710,8;74;61392
604598;1385071;374137,4;19;17403
916154;354615;991658,6;795;553483
468314;1682557;332127,8;292;193169
1691525;573505;726373,3;64;56157
642492;139394;425545,8;309;164669
947874;1606213;315168,6;50;34612
126130;1490480;598060,6;126;82826
1158636;1351024;813257,3;139;109206
763192;811087;429575,8;188;56297
799811;693583;355935,4;140;31770
665340;615932;390811,1;20;16850
1003602;559090;165059,4;22;18015
1515167;1256389;303558,6;11;9747
922876;269080;194395,4;21;17918
1150757;374132;477127,8;19;17378
662355;1271541;442270,4;15;13054
1578067;1300264;281611,2;44;35952
1268164;48831;273282,1;15;13087
877191;22447;395834,3;79;51250
346793;735528;546354,2;42;32670
524496;1162608;483817,4;40;32510
859603;55348;194190,8;8;8132
349584;819950;499636,5;129;105198
830908;1125350;308498,3;9;8687
547084;1382521;482004,1;215;124366
1239784;1225753;579916,3;86;66505
988751;93201;612293,4;31;26119
1474545;1733264;784929,9;121;99943
381469;357063;218272,1;18;16364
584046;956524;65960,07;3;3555
759680;1422444;218409;15;13209
1167346;268360;224081;42;36134
1221638;1420932;215638,5;81;21896
28146;570464;312683,3;61;50929
222315;1109805;729034,6;121;87365
473832;740745;164897;48;38706
464293;64283;796676,4;120;101630
169087;1247330;437193,9;41;32370
1500928;948254;288118,9;33;23793
209505;695217;225199,9;13;11023
425480;1542125;553408,4;58;45694
1466594;1512834;122664,6;1;1439
878946;1181200;444205;87;73113
282790;1484865;619567;152;129780
1570317;1279498;454357,7;29;23122
1411961;520127;348449,5;24;20629
1183000;1134868;480368,1;12;11091
1720446;846650;110412,8;2;2012
1739860;591243;354642,7;44;37519
578308;673251;386264,8;90;73367
791804;260443;498188,9;261;166060
903034;1181878;381420,9;62;48720
908689;499039;352497,9;65;51439
761459;924467;378475,8;69;56565
1668713;227214;201566,6;11;9971
232336;1177814;593872,1;474;310397
531043;962154;312615,3;23;20135
1700448;1399111;825583,8;91;72982
1134012;40437;168731;8;7393
1138142;287879;392001,9;62;49536
744746;687416;512065,5;197;144754
1442443;1698304;673066,3;186;99878
1302343;1074024;558151,6;159;114985
88435;1067035;460398,4;103;79093
1252069;909684;648189,9;186;123894
369945;1280852;375169,2;118;46005
1648011;165036;81320,85;2;2228
639090;284716;418670,5;42;29907
604145;379906;740479,8;74;60035
419741;1102921;473543,4;94;70633
1560750;1343102;112760,3;4;3822
1047161;234146;484155,8;114;86405
372568;1294170;599752,2;154;118093
603824;758291;646975,6;329;261878
890800;340749;31321,07;0;804
1201829;537871;269117,8;20;18100
1279707;503924;699888,1;82;68514
1260296;215618;345859,9;44;38986
1484034;954983;577814,8;520;166301
941294;1432034;345254,5;21;19075
836031;601678;933685,1;24;20994
719744;1067250;137137,9;13;11459
807868;611305;153179,1;54;44474
1730015;366007;317554,3;104;74132
323064;1415732;223608,7;59;19501
794965;754105;348089,6;39;29775
1365295;35221;456201,8;57;42945
471728;1146242;462029,4;28;24798
1384853;1208296;586425,4;48;38773
1325735;8173;264283,9;29;23910
470199;1074742;413520,4;110;86304
176234;911319;699036,4;189;99405
1452453;1576673;293202,5;47;37784
1145;1144087;804968,8;128;96192
649339;423471;586022,9;66;55514
545281;1393760;803478,1;240;141532
1183210;732305;435281,8;146;108476
266889;959072;547509,1;28;24949
623358;1724510;294580,1;75;60284
1170877;1505862;282460,6;0;740
389264;689029;33853,89;18;16174
1121864;1117506;1136923;221;131800
1156790;1140495;96900,11;2;2344
457791;876232;435884,2;113;86382
913071;1249513;55731,95;3;1705
1538321;873738;431319,9;71;48489
216040;389343;280035,4;95;35321
849507;1182023;504141,4;64;52364
406182;2627;133477,5;8;7818
1175239;1333028;438405,3;247;183856
231897;1171769;147608,9;13;11097
1012031;1008178;102679,2;1;1236
870553;1039456;297484,6;34;27171
1437347;644483;516458,9;65;56118
1679486;593777;206970,5;31;26316
311716;918457;555892,9;4;2858
679306;176563;469678,4;178;133263
1119419;1415371;189353,9;7;5803
1300687;1185928;785675,2;40;18052
826710;1737528;812304,8;239;163795
138115;769182;107919,1;11;10270
361425;390429;986279,4;332;220888
524127;559284;304749,3;71;60544
541719;940361;474269,6;72;59284
410270;1060450;931441,1;473;303540
1311303;425475;891879,7;259;185201
733017;410337;757694,9;202;149832
1044589;962093;385796,8;42;26505
1421596;113685;560690,1;92;71684
246953;117334;482168,6;34;29564
1447746;1557906;916916,4;370;265265
941344;319293;90507,94;9;8666
937797;619863;112052,1;13;7459
194431;39477;374057,6;77;40647
1014522;1178734;756651;131;100299
1625934;964853;793360,8;246;161687
920516;1182309;348429,8;26;21768
1194912;1207313;602269,1;390;78365
810343;621602;608726,7;170;114879
484050;311269;275092,8;60;49656
497736;496986;681186,4;197;134121
234213;619035;858251,9;242;171656
1027073;1630840;541949,4;98;75982
185440;268969;339419,1;3;3893
876572;157325;529153,9;224;139933
1738374;1187002;222189;4;4464
938974;709376;815369,4;149;124779
289781;324807;498609,7;23;20608
1572437;42131;118474,6;5;5023
1197231;1648862;196939,1;20;17604
364852;502241;673922,3;193;97065
1670437;976134;496144,3;83;62291
1179115;346449;137531,3;27;22692
1249557;1295306;784754;51;42930
960023;1581874;615178,9;306;174683
151750;799994;242835,7;131;83506
1374233;1680283;521380,5;88;67340
1364196;950760;213250;68;45030
1323693;322308;539554;60;29740
1036819;1051555;402956,8;50;20497
434423;1670060;362454,2;25;19549
907503;857197;178542,3;47;36354
1184959;438932;323204,8;89;61411
25879;211139;588381,9;22;18752
892527;870104;460874,6;812;503672
1379475;768211;341197,8;34;21760
1168970;579786;681517,8;394;226211
1691015;1740094;767084,8;200;140782
571147;1002677;600858,3;34;29255
1184519;680623;569478,2;25;19392
381282;634733;285917,6;5;5020
1053544;1039297;741577;554;186342
5575;938379;898772,9;550;356555
1557367;1003290;382873,8;24;21635
1089779;1083620;115879,4;0;876
745713;1250128;768132,9;179;139317
749911;145675;612440,3;201;113353
1214439;439390;828475,3;186;136277
1339337;813240;276024,7;65;54619
1535773;740182;449681,9;48;39234
320570;1038418;731023;164;80823
402778;89918;295646,9;41;21878
202398;1128138;216835;47;38356
1375623;794446;794395;293;217621
1733867;1368700;393859,9;66;51767
379613;321015;128935,2;27;23466
882388;356195;298324,4;14;12492
670273;1544289;917198,6;224;153036
616516;1612805;592477,6;116;80359
851622;246580;174537,8;20;15341
626164;767188;307107,5;10;9176
865959;1553506;541685,4;144;111543
124391;129347;621646,8;61;42512
18300;1023294;266420,1;47;37713
1109946;1251624;544791,1;565;186411
400757;1502505;367807,6;70;48212
1211502;444336;170752,9;12;10567
360053;1087463;880053,6;128;77490
231954;963625;372851,8;70;52532
836898;622035;329808,9;121;51909
1307354;762920;662026,1;57;51948
1014021;1465677;339618,1;24;20886
704007;424697;103177,5;15;14237
367740;393715;267629,9;57;50247
1220000;1414749;388242,8;11;10247
1567473;1471130;623875,3;16;14327
1706217;1289193;429493,2;126;64000
114018;1297981;413060,8;74;61819
172458;593870;696556,1;31;26717
1710126;73051;203113,5;46;36756
1109837;352328;269244,6;35;31205
1429099;482242;196798,7;18;16125
967943;621706;430055,7;23;20113
854112;438051;276065,9;9;8729
1740741;1327409;543498,1;163;77135
1312334;1397489;516445,6;24;16146
775906;229586;255087,9;4;3573
683824;1607842;161473,3;11;9289
1497765;1144881;318465,8;12;10430
849499;1444293;179982,7;5;5305
1506205;1369183;388702;156;115059
1547893;1439796;907394,3;445;260463
1428749;674225;198273,5;2;2169
1540886;1666907;348943,8;45;38863
330318;806670;241751;201;106543
915004;1382683;69070,47;66;53148
998098;763846;284394,8;45;35966
1256796;955026;583991,6;108;75209
1078420;531779;411955,8;14;13112
497733;82300;220782,6;6;5695
1315184;1674288;716178;405;248985
397572;1637189;721829,9;135;103934
102415;169984;682742,3;35;29520
695223;1476631;382339,2;49;41900
605369;250775;146281,5;17;14015
1544815;772176;126551,6;27;14040
1488970;265833;218746,2;119;82697
311445;1485253;342359,8;68;42539
549033;1733902;219007,4;204;132462
798091;293718;454727,5;69;58305
825418;931803;372692,5;40;18903
107733;934070;280968,6;27;22686
412405;1674250;782397,9;35;29098
399391;12060;489578,3;81;60697
717388;1473397;433491,3;105;76579
529421;965986;645562,4;121;101115
647147;767198;527259,1;85;49005
129109;1576516;563839,9;48;38273
971611;1655303;352962,9;25;21966
1337381;1258765;716130,1;88;73442
1723600;64255;920483,3;64;57075
1061538;79543;585567,5;98;82079
1006454;142828;532416,9;403;139159
1638311;732265;297706,5;110;52718
452401;1516142;413661,7;26;23507
405992;1089117;323967,8;18;15827
1478286;204015;402163;34;24345
1001480;383380;325884,2;109;78674
1566555;1208101;455995,7;90;57129
1224784;172764;568070,6;18;14753
1515191;683163;469373,6;326;209636
759243;876571;480654,7;277;138272
1465952;578828;313976,2;20;17722
125028;721772;545792,3;174;138538
136723;479527;267598,3;28;24543
513642;638329;25769,21;7;4724
396521;1283925;276991,3;9;8319
314716;761163;630716,9;250;144114
1614863;28190;459246,3;321;227839
1672214;269576;435920,8;10;9893
35938;1411724;99974,98;5;4632
1304257;945844;164547,2;13;5929
1067404;1184903;374187,9;86;67162
1232298;443131;476874,2;27;21481
1510316;1490327;372821;50;43018
9961;1508109;445717;94;70982
430518;1164616;176264,6;53;41548
1488172;1040436;91199,67;5;4644
1049611;184966;393363,6;107;37074
358189;427625;478931,3;152;116605
17799;916539;474551,8;45;38127
595541;1717472;695728,2;78;64836
1002500;1512261;75945,16;4;3815
692596;194361;356533,7;44;37376
1633897;240317;169493,8;29;21177
513115;1538365;518252,8;56;48054
1280485;955208;386518,2;28;23237
136825;103467;920980;757;498644
1123505;1557997;664958,2;91;74031
1553765;281048;605950,9;25;17741
1091129;1426495;509280,8;157;123789
956054;390995;401637,5;107;55849
469566;750132;105205,6;56;45708
207810;976503;300101,7;50;41829
1540351;1018879;360578,7;36;30550
1456151;1429897;231219,7;50;38778
1414599;1244588;899589,5;3;3797
251776;863998;322273,7;60;50047
816183;1331384;118275,7;7;6485
1687942;1299742;670248,6;313;102859
492307;1037937;474860,5;368;197781
553832;1269999;432517;346;208752
977211;216194;165110,4;42;26102
227623;1219909;527160,9;300;192410
1027791;1384705;453602,8;119;48382
1661530;1236212;347016,5;74;58895
375800;77140;208291,1;9;8544
1081095;335903;549989,7;67;54244
1705083;204545;669831,2;64;51376
1247905;252368;541992,1;111;76455
1304450;1460692;663846,3;166;89394
398608;615018;38786,46;42;33863
528764;827817;416773,9;53;42544
123765;35896;185114,4;36;26400
703431;1017426;627093,1;102;79531
1031882;1536719;363312,1;31;27356
1614654;254023;776741,3;179;94555
1533340;53191;617538,4;72;59675
872662;1430654;551377;51;43849
1158383;253372;346756,1;26;23256
522508;732499;506932,6;127;104670
1693310;155645;568695,6;102;38932
1101947;219939;420660,5;19;14214
1054096;1337458;104287,8;16;13491
163492;1660472;347337,3;321;209900
903513;611637;443213,2;92;71663
83478;1435573;304687;104;33285
1739890;776214;400243,4;28;23175
639328;1683413;382619,7;22;17205
741235;149393;535595,2;94;73199
92428;191726;356531,3;45;35646
516478;10365;729892,4;160;128256
352822;124810;481893;92;51799
1366156;121777;506295,5;17;14295
288399;1027903;366108,1;71;48663
1207839;274429;238952,5;50;37727
790760;994533;373296,5;33;27744
1474459;571951;252743,9;33;25623
1511980;242963;970159,3;832;528146
1257670;308825;454276,4;33;28449
1518320;530906;244409,6;3;3070
1617002;787558;279738,9;45;16770
113912;420245;666360,8;263;55242
1453241;179080;482230,2;61;48910
258731;757126;595733,9;164;97945
1158462;933848;83040,66;82;58929
689418;1008990;407312,7;57;49068
160943;330781;696278;128;63879
216021;1682945;709864,7;122;104597
1547421;977136;378389,9;37;31533
598381;932319;549192,4;52;42471
1049059;880188;216674,7;19;17653
452633;629084;350582,9;150;75285
1565476;833543;439730,2;93;79177
1705713;1167939;859810,2;67;61093
1008832;396365;636941,1;8;8020
425742;432410;681980,2;167;139360
375672;1306121;715492,9;456;251700
319323;1473518;220582,5;33;28338
1641052;1677176;260051,4;19;16773
416168;1187076;23248,5;3;3075
1607644;1275871;265817,8;26;23422
1614040;273990;558377,1;83;26831
1329609;1526369;665179,4;55;46029
833590;1143677;158189,6;22;18758
355929;1573634;722341;108;85827
440140;280533;235083,9;13;11193
1455042;586000;150802,8;35;29155
1226445;736814;332490,1;52;44795
334925;1229426;121709,9;85;29209
599368;619698;329054,9;58;39880
217966;835391;303241,1;49;38557
1492893;762097;528124,5;82;60470
508106;257008;449837,9;109;84336
633318;599420;544693,3;192;102876
11458;487101;337884,6;42;35815
41892;1614844;468568,8;51;42839
560968;1155904;155913,7;4;4128
1069273;1517787;540721,3;476;275541
1010746;178642;578193,9;240;172120
1044073;39106;272465,4;17;14808
1744551;562035;454373,2;9;9108
812009;1179797;473315,4;231;133907
1700823;145208;554308,4;1;1681
721966;1534270;369529,6;47;36662
79675;1327107;239642,4;1;1714
1138593;411625;366891,7;13;10866
1077808;1541069;192606,9;20;17311
969110;772253;359216,8;22;19385
1527577;851943;512615,6;57;48239
1510483;1072601;537980,1;48;41330
893050;234170;126144,4;17;15013
1132219;1613427;903368,3;227;137500
1531741;569895;332080,2;218;161399
1464164;299138;575277,9;102;84609
1261326;1453257;525849,6;175;88472
1470666;156282;110306,9;5;4162
185353;560261;283529,7;121;76703
619745;1400529;101915,5;47;38241
23381;313095;246315,6;18;15816
805872;362897;339254,5;12;11251
1279640;843647;255612,7;34;27373
519744;428949;524193,2;57;41724
1093106;1374866;296835,8;162;39728
537035;764498;244827,4;18;7773
186793;297019;287059,6;85;33074
1734808;158803;537952,4;78;57459
412758;1716071;623003,1;52;44044
890654;1510381;361006,6;1;1537
1174414;943180;642825,3;57;46834
1392654;1130928;372087;8;8297
425643;422828;62651,7;0;515
272943;371017;337797,1;113;45924
1601039;982310;620453,1;39;32874
226271;517547;440507,8;15;13351
921324;1313179;545365,9;37;30339
748871;1214481;244866,3;23;19429
46070;1147585;446655,5;75;60849
1537559;49403;526951,6;82;63584
1459024;703270;893122;145;61839
520320;156875;476328,5;39;32916
32860;699666;848615,9;126;100955
112344;964306;335072;17;14666
1463047;1311863;1037333;320;187276
1488123;213881;651547,8;71;51407
1414205;853962;237704,4;33;27492
226115;824800;269964,2;55;40149
665040;1419542;415158,2;75;55044
1681853;856812;190022,7;13;11326
570703;148727;351812,5;75;24779
572508;110796;455802,3;173;118779
1148594;19487;464061,1;148;107739
1587773;618213;153806,2;16;13934
1292747;520327;768474,1;62;52285
112732;1009771;597761,1;401;251006
178512;841251;265769,2;108;88987
51357;471144;650854,2;102;81837
422860;1235779;695391,3;7;3021
1098068;1470576;44909,72;0;188
310484;1053236;376219;1;1195
652568;289176;623836,5;65;53994
1238786;12390;661153,9;22;20128
847941;67361;201911,8;0;1008
1087064;1668670;189753,3;32;28288
549441;371126;434458,3;44;37239
1210331;680746;115245,1;16;14122
1223299;1310297;685088,5;200;126449
130761;409524;246578,2;120;84534
752879;13372;238529,6;2;2518
856491;1238729;265305,3;86;62167
1416158;942720;258845,3;19;16321
1199130;478352;405937,2;72;55405
35368;572953;550785,3;120;87665
802604;1499570;346865,9;143;64715
401939;1173859;409216,4;166;110145
321474;211277;197187,9;45;34645
546328;1262066;206264,1;13;10489
1240757;283332;525740,3;97;77119
616608;1136203;427135,9;19;16085
916145;1520411;341173,3;1;1596
1275748;1368675;709260,1;119;39745
1715484;1486204;254605;202;39966
1544038;1242364;355844,6;36;31569
1362551;485659;126920;6;5858
340382;13336;462052,9;125;95547
482900;1084696;413329,7;147;119943
614084;816353;109239,2;20;9004
1381677;1454446;286375,8;25;20650
1721620;274987;698536,6;400;280602
1009356;1332093;466981,9;54;35074
1266730;1120180;700803,1;24;21087
49652;999054;285087;22;18021
134418;1705831;141403,7;31;25903
69539;1592028;725391,2;117;83243
1537514;1361274;400300,8;61;49272
841825;1080679;367864,4;269;154683
1707580;47482;497068,4;16;13983
971834;1457525;273088,3;23;19787
678912;537603;836549,9;167;129646
955001;316945;217176,3;57;32790
1159188;388603;476657,3;208;91508
690959;981377;151213;1;1887
1341791;1474573;323227,7;71;54107
1624988;1530909;750197,8;131;89311
1193286;1600773;504881,5;101;83541
1159182;641158;616658,4;164;93518
511055;1688254;203728,2;42;31780
101945;595304;267124,4;99;75930
1436552;544983;396415,8;55;43549
1107946;1401318;770028,2;31;27475
416119;492952;234004,6;90;63609
220420;866224;430507,3;54;28125
242870;1278003;336881,8;19;15232
853371;1334194;785138,6;113;87365
482611;1121718;796836,6;189;125588
81521;1184017;328251,7;5;4896
1064584;692410;414538,9;30;23548
172904;878127;187510;12;10736
429220;812873;175496,9;33;17580
1401861;404443;23826,2;0;641
80843;283229;202854,5;12;9531
398742;1681340;451800,5;62;42978
202092;200667;567895,1;79;59425
569624;19326;425405,6;150;109898
1690136;376530;800607,6;103;82917
20973;133928;417947,6;179;98769
1174256;1298281;597337,8;101;76698
1645425;666235;398599,4;12;9754
168183;1569334;438179,7;108;69949
738506;63788;355750,3;18;14314
621201;290793;588511,2;37;27440
1048297;71568;573501,8;288;178771
1519251;1719763;778521,8;25;21359
1321172;1563243;1036481;140;110617
1515349;968417;41357,34;8;8112
166083;623678;353180,8;499;307232
887720;703502;126781,3;18;15224
1320474;132890;432063,3;47;40161
94209;283679;889844,2;130;106402
664132;42203;669749,2;2;3047
708379;834045;541233,6;532;171731
1388657;106081;183219,9;28;23607
1100745;1692192;459739,1;69;58152
9761;1510902;258028,9;68;48479
791584;1251268;317280,8;1;2035
709943;604485;128013;48;38552
74367;1338073;368702,8;139;59132
1527840;1534649;163038;90;57652
979530;327173;689666,1;796;510837
162088;226927;653914,7;32;28326
624093;750979;258001,3;48;38393
248575;721719;460653,6;133;57637
210446;1141893;639232,4;210;146167
990806;470753;458365,9;63;50537
1722405;1512534;498826,2;23;20903
572025;1629102;296420,1;12;10134
905201;696303;715896,3;204;110972
1100007;1531755;291739,3;28;22832
646734;942216;923247,9;126;92328
715422;1571658;237599;33;27318
1710002;1554869;403363;28;23075
771659;264081;495309,7;178;123353
258473;1306197;487978,3;40;32656
549311;1294246;744670,3;116;80951
920260;1530424;860345,4;198;125765
897959;1511634;254526,9;114;83116
121590;437204;104459,5;37;3839
1162708;1701998;610958,4;10;9112
585470;666938;457754,9;96;74099
1640234;1703450;479736,8;34;29755
701385;1283606;556385,1;234;170888
1533095;1023648;167752;20;18112
679242;825440;114955,8;15;12292
1443882;1122663;205694,3;50;7652
238065;1740684;524008,4;62;14722
887915;37313;339154,9;45;11176
1356350;335029;699535,4;108;77439
261524;813823;553724,3;241;178561
1723919;1729093;774254,7;114;44717
463245;648847;398004,9;64;49640
592582;1441159;445771,2;49;39975
1295091;191981;888200,3;161;126853
614575;804990;439716,7;25;22395
1507512;467997;777282;151;76536
1278193;1142608;630102,5;89;66966
946285;1724394;623301,9;301;181965
1046581;756570;407957;49;30612
870272;426395;928252,2;337;236144
21774;1492609;661191,4;318;203573
1329438;1177631;609342,6;18;16614
1606913;1171246;30312,93;0;346
1056180;924175;385421,5;16;14090
642509;860645;137922,3;8;7223
155284;1531160;183723,8;25;23010
175679;348885;466773;39;33870
1722677;600975;298585,9;32;27285
1110867;1004824;762192,8;337;183131
1733113;1341113;641319,1;52;41499
409072;1618851;291268,6;4;4365
1062527;975885;576992,9;91;74209
1589069;840056;308645,4;1;1603
794399;908119;659651,6;333;192160
735331;599779;252732,9;46;37641
1209355;1579728;186913,5;7;7096
792049;231310;891016,1;93;76583
399655;1030213;135791,8;7;7379
786533;1165934;481097;75;65099
384979;370916;672074,8;63;46705
1294071;1498529;189504,5;23;17935
649705;1720950;867889,1;148;114523
292317;929307;296079,9;42;35039
1164529;345309;303538,8;76;62478
1520701;55195;283250,2;101;70717
1390301;1610047;898118,1;556;173828
437880;425259;701726,9;143;111293
1083536;1455185;704980,5;70;58388
115104;631027;61059,89;0;550
1326776;216123;117245,4;3;3441
